Tiempo promedio(ms),Archivo Codificado(bytes),Archivo Decodificado(bytes)
72555,159,10
5.01803e+07,2523730,5035111
1.79678e+08,14484012,52428800
